{
    "time_elapsed": 8308.124819278717,
    "accuracy": 0.745,
    "support_preds": 81,
    "refute_preds": 80,
    "nei_preds": 39,
    "failed_preds": 0,
    "tpc": 41.540624096393586,
    "avg_iters": 2.365,
    "support_f1": 0.8287292817679558,
    "refute_f1": 0.8222222222222222,
    "weighted_f1": 0.8254757519950889
}